entity_id,region_code,region_name,country_code,country_name,revenue,overall_score,environmental_score,social_score,governance_score,target_scope_1,target_scope_2,activity_type,activity_code,env_score_adjustment,env_score_adjustment_capped,sdg_id,sdg_name
29,WEU,Western Europe,GB,United Kingdom of Great Britain and Northern Ireland,10912700000.0,2.164,2.381,1.955,2.024,24850.0,30357.0,Operation,MTH001,-1.5,-1.0,9.0,"Industry, Innovation and Infrastructure"
37,WEU,Western Europe,ES,Spain,1279737000.0,3.796,4.05,3.8,3.333,10327.0,22314.0,Other,ENVIB010,-0.1,-0.1,16.0,"Peace, Justice and Strong Institutions"
46,EEU,Eastern Europe,EE,Estonia,492307000.0,2.988,3.172,3.0,2.643,36653.0,89702.0,Farming,D.35.7.B,-0.232170692,-0.232170692,7.0,Affordable and Clean Energy
58,WEU,Western Europe,NO,Norway,655579000.0,3.682,4.566,3.084,2.81,231720.0,3401.0,Other,ENVIB025,-0.25,-0.25,8.0,Decent Work and Economic Growth
60,WEU,Western Europe,IT,Italy,787000000.0,1.902,1.34,2.9,1.714,416298.0,85145.0,Operation,MTH002,-0.1,-0.1,12.0,Responsible Consumption and Production
63,WEU,Western Europe,FR,France,1926233000.0,2.908,3.65,1.797,2.905,12879.0,6132.0,Operation,Q.86.2.B,-0.1,-0.1,3.0,Good Health and Wellbeing
66,WEU,Western Europe,FR,France,4800000000.0,2.971,3.215,3.593,1.786,17567.0,5803.0,Operation,MTH002,-0.1,-0.1,3.0,Good Health and Wellbeing
87,WEU,Western Europe,IT,Italy,568178000.0,2.726,3.0,2.677,2.286,2440.0,447.22,Operation,MTH002,-0.1,-0.1,9.0,"Industry, Innovation and Infrastructure"
90,WEU,Western Europe,IT,Italy,686200000.0,3.181,3.957,2.585,2.5,46555.0,29729.0,Other,ENVIB010,-0.1,-0.1,3.0,Good Health and Wellbeing
98,WEU,Western Europe,DE,Germany,616338000.0,3.376,3.821,3.0,3.024,4709.6,1410.4,Operation,MTH002,-0.1,-0.1,8.0,Decent Work and Economic Growth
102,WEU,Western Europe,DE,Germany,1316803000.0,3.355,4.4,2.876,2.048,577624.0,170126.0,Other,ENVIB010,-0.1,-0.1,2.0,Zero Hunger
106,WEU,Western Europe,DE,Germany,426258000.0,2.162,1.95,2.375,2.286,2223.0,131.0,Operation,MTH001,-0.5,-0.5,9.0,"Industry, Innovation and Infrastructure"
972,WEU,Western Europe,IT,Italy,16300000000.0,2.218,2.407,2.056,2.071,104418.0,232269.0,Operation,MTH002,-0.1,-0.1,7.0,Affordable and Clean Energy
999,WEU,Western Europe,NL,Netherlands,4110000000.0,1.987,2.12,2.014,1.714,3684.0,204.0,Operation,MTH001,-0.25,-0.25,16.0,"Peace, Justice and Strong Institutions"
1054,WEU,Western Europe,FR,France,1250000000.0,2.885,3.46,1.984,2.929,1375.0,2510.0,Operation,X.XX.3.B,-0.25,-0.25,4.0,Quality Education
1055,WEU,Western Europe,LU,Luxembourg,1704800000.0,3.133,3.8,2.8,2.333,63214.0,56730.0,Other,ENVIB010,-0.1,-0.1,3.0,Good Health and Wellbeing
1060,WEU,Western Europe,FR,France,563108000.0,2.769,2.798,2.434,3.119,16227.0,163.0,Disposal ,C.25.06.P,0.060046918,0.060046918,7.0,Affordable and Clean Energy
1063,WEU,Western Europe,PT,Portugal,5142600000.0,2.727,2.54,2.203,3.69,31861.0,74807.0,Disposal ,Q.86.1.P,0.03242468,0.03242468,9.0,"Industry, Innovation and Infrastructure"
1064,WEU,Western Europe,FR,France,715000000.0,3.177,3.742,2.617,2.833,12698.0,1814.0,Farming,A.1.3.B,-0.25,-0.25,2.0,Zero Hunger
1074,WEU,Western Europe,FR,France,1283277000.0,3.37,3.9,3.3,2.5,13537.81,5076.68,Operation,G.47.4.B,-0.1,-0.1,3.0,Good Health and Wellbeing
1077,WEU,Western Europe,FR,France,1406689000.0,3.077,3.29,3.12,2.643,3008.0,3062.0,Transportation,M.70.4.P,0.1,0.1,12.0,Responsible Consumption and Production
1078,NAM,Northern America,US,United States of America,6120000000.0,3.068,3.8,3.039,1.786,8825.0,1597.0,Operation,MTH002,-0.1,-0.1,3.0,Good Health and Wellbeing
1079,WEU,Western Europe,LU,Luxembourg,715000000.0,3.083,3.25,3.0,2.881,2203.0,2288.0,Other,ENVIB010,-0.1,-0.1,3.0,Good Health and Wellbeing
1091,WEU,Western Europe,GB,United Kingdom of Great Britain and Northern Ireland,2350200000.0,3.07,3.653,2.711,2.452,242.4,1726.0,Operation,MTH002,-0.1,-0.1,3.0,Good Health and Wellbeing
1129,WEU,Western Europe,GB,United Kingdom of Great Britain and Northern Ireland,1041090000.0,3.119,3.714,1.988,3.405,11057.0,14914.0,Other,ENVIB010,-0.1,-0.1,4.0,Quality Education
1131,WEU,Western Europe,GB,United Kingdom of Great Britain and Northern Ireland,5100000000.0,3.482,3.071,5.0,2.4,7455.0,14923.0,Operation,MTH002,-0.1,-0.1,3.0,Good Health and Wellbeing
1132,WEU,Western Europe,GB,United Kingdom of Great Britain and Northern Ireland,1115200000.0,3.244,3.913,3.0,2.333,173229.0,57301.0,Raw materials,C.32.41.B,-0.087032617,-0.087032617,12.0,Responsible Consumption and Production
1140,WEU,Western Europe,NL,Netherlands,417000000.0,2.776,2.793,3.0,2.476,78.0,126.0,Operation,J.58.101.B,-0.25,-0.25,9.0,"Industry, Innovation and Infrastructure"
1142,WEU,Western Europe,GB,United Kingdom of Great Britain and Northern Ireland,716484000.0,2.943,3.761,2.383,2.143,6347.0,3709.0,Operation,MTH002,-0.138696255,-0.138696255,3.0,Good Health and Wellbeing
1157,WEU,Western Europe,DK,Denmark,7780000000.0,3.185,3.65,2.9,2.69,74384.0,19399.0,Operation,MTH002,-0.1,-0.1,9.0,"Industry, Innovation and Infrastructure"
1160,WEU,Western Europe,GB,United Kingdom of Great Britain and Northern Ireland,754600000.0,2.729,3.0,2.988,1.929,1293.0,1005.0,Operation,MTH002,-0.1,-0.1,3.0,Good Health and Wellbeing
1162,WEU,Western Europe,GB,United Kingdom of Great Britain and Northern Ireland,1123600000.0,2.857,3.2,2.4,2.786,205.9,3932.5,Operation,J.58.20.P,0.1,0.1,16.0,"Peace, Justice and Strong Institutions"
1170,NAM,Northern America,CA,Canada,2664900000.0,3.213,3.913,2.977,2.238,22879.0,910.0,Other,ENVIB010,-0.1,-0.1,3.0,Good Health and Wellbeing
1171,WEU,Western Europe,ES,Spain,951029000.0,3.892,4.823,3.894,2.214,9866.0,21117.0,Other,ENVIB010,-0.1,-0.1,3.0,Good Health and Wellbeing
1179,WEU,Western Europe,ES,Spain,421000000.0,3.252,3.52,2.88,3.214,21074.42,34687.78,Other,ENVIB010,-0.2,-0.2,3.0,Good Health and Wellbeing
1181,WEU,Western Europe,GB,United Kingdom of Great Britain and Northern Ireland,3050000000.0,2.853,3.387,2.882,1.857,18199.0,4680.0,Operation,MTH002,-0.1,-0.1,9.0,"Industry, Innovation and Infrastructure"
1182,WEU,Western Europe,FR,France,1210000000.0,2.703,3.103,2.47,2.262,14193.0,30353.0,End-use,F.42.12.P,0.1325,0.1325,9.0,"Industry, Innovation and Infrastructure"
1190,WEU,Western Europe,GB,United Kingdom of Great Britain and Northern Ireland,2850000000.0,2.548,2.495,2.905,2.214,134278.0,4842.0,Disposal ,C.28.40.P,0.031,0.031,12.0,Responsible Consumption and Production
1195,WEU,Western Europe,FR,France,6050000000.0,3.17,3.859,3.449,1.595,45800.0,3500.0,Farming,I.56.1.B,-0.07258118,-0.07258118,12.0,Responsible Consumption and Production
1198,WEU,Western Europe,AT,Austria,1855872600.0,2.972,3.028,2.827,3.048,35049.0,5536.0,Disposal ,C.32.63.P,0.055662483,0.055662483,7.0,Affordable and Clean Energy
1203,WEU,Western Europe,GB,United Kingdom of Great Britain and Northern Ireland,1630000000.0,2.943,3.15,3.0,2.5,16965.0,2851.0,Operation,MTH002,-0.1,-0.1,13.0,Climate Action
1204,WEU,Western Europe,DE,Germany,1490000000.0,3.162,3.702,2.862,2.548,4920.0,7419.0,Operation,MTH002,-0.1,-0.1,3.0,Good Health and Wellbeing
1205,WEU,Western Europe,CH,Switzerland,5305365000.0,2.879,3.25,2.5,2.667,637605.0,503162.0,Operation,MTH002,-0.1,-0.1,2.0,Zero Hunger
1206,WEU,Western Europe,ES,Spain,2980000000.0,1.998,2.138,1.785,2.0,1802.0,0.0,Operation,MTH001,-0.25,-0.25,11.0,Sustainable Cities and Communities
1207,EEU,Eastern Europe,CZ,Czechia,1114065013.0,2.646,3.8,1.75,1.643,13722.0,370328.0,Operation,MTH002,-0.1,-0.1,3.0,Good Health and Wellbeing
1208,WEU,Western Europe,GB,United Kingdom of Great Britain and Northern Ireland,3371500000.0,3.16,3.602,2.807,2.786,41015.0,5405.0,Operation,M.75.2.P,0.090923921,0.090923921,3.0,Good Health and Wellbeing
1211,WEU,Western Europe,NL,Netherlands,3080000000.0,2.926,3.557,2.75,2.0,50000.0,17000.0,Operation,MTH002,-0.1,-0.1,3.0,Good Health and Wellbeing
1213,WEU,Western Europe,CH,Switzerland,4440000000.0,3.129,3.9,2.675,2.286,7600.0,5500.0,Other,ENVIB010,-0.1,-0.1,3.0,Good Health and Wellbeing
1214,WEU,Western Europe,LU,Luxembourg,1116728000.0,2.449,2.465,2.143,2.786,747.0,111.0,Operation,MTH002,-0.1,-0.1,9.0,"Industry, Innovation and Infrastructure"
1224,WEU,Western Europe,NL,Netherlands,1732400000.0,2.978,3.413,2.9,2.286,32666.0,3860.0,Raw materials,C.28.94.P,0.176328502,0.176328502,8.0,Decent Work and Economic Growth
1225,WEU,Western Europe,BE,Belgium,3360000000.0,2.686,3.012,2.827,1.929,24256.0,4085.0,Operation,MTH002,-0.1,-0.1,12.0,Responsible Consumption and Production
1226,WEU,Western Europe,CH,Switzerland,828744000.0,3.128,3.6,3.1,2.31,441.0,1357.0,Operation,MTH002,-0.1,-0.1,3.0,Good Health and Wellbeing
1227,WEU,Western Europe,JE,Jersey,661000000.0,3.374,4.0,2.012,3.881,637.0,91.0,Other,ENVIB010,-0.1,-0.1,3.0,Good Health and Wellbeing
1229,WEU,Western Europe,DE,Germany,9300000000.0,2.352,2.13,2.9,2.095,115383.0,8264.0,Operation,MTH002,-0.1,-0.1,12.0,Responsible Consumption and Production
1238,NAM,Northern America,CA,Canada,19400000000.0,3.544,3.418,3.652,3.643,205624.0,47661.0,Farming,A.1.4.B,-0.073516405,-0.073516405,12.0,Responsible Consumption and Production
1239,WEU,Western Europe,DE,Germany,1392163000.0,2.023,1.0,3.0,2.69,7650.0,7760.0,Operation,MTH002,-0.1,-0.1,9.0,"Industry, Innovation and Infrastructure"
1242,WEU,Western Europe,IT,Italy,440714000.0,3.042,3.53,3.0,2.214,1962.0,400.0,Operation,MTH002,-0.2,-0.2,3.0,Good Health and Wellbeing
1243,WEU,Western Europe,SE,Sweden,3410000000.0,2.752,2.961,2.9,2.2,48140.0,3215.0,Other,ENVIB010,-0.1,-0.1,12.0,Responsible Consumption and Production
1245,WEU,Western Europe,DE,Germany,817000000.0,3.235,4.0,2.72,2.476,38092.0,35629.0,Other,ENVIB010,-0.1,-0.1,3.0,Good Health and Wellbeing
1246,WEU,Western Europe,IT,Italy,830700000.0,3.089,2.863,3.917,2.5,36110.0,34481.0,Operation,MTH002,-0.3,-0.3,11.0,Sustainable Cities and Communities
1248,WEU,Western Europe,GB,United Kingdom of Great Britain and Northern Ireland,2045400000.0,3.017,3.658,3.004,1.881,5520.24,9060.42,Manufacturing,C.21.9.B,-0.073081686,-0.073081686,9.0,"Industry, Innovation and Infrastructure"
1249,WEU,Western Europe,LU,Luxembourg,515654000.0,3.439,3.734,3.461,2.881,1720.0,273.0,Farming,A.1.4.B,-0.097704494,-0.097704494,3.0,Good Health and Wellbeing
1252,WEU,Western Europe,IT,Italy,1890600000.0,2.926,3.134,3.088,2.357,317414.0,7644.0,Disposal ,C.17.1.B,-0.2,-0.2,12.0,Responsible Consumption and Production
1262,WEU,Western Europe,IT,Italy,3510000000.0,2.67,3.1,3.0,1.5,6176.45,4761.1,Operation,J.58.20.P,0.1,0.1,9.0,"Industry, Innovation and Infrastructure"
1263,WEU,Western Europe,GB,United Kingdom of Great Britain and Northern Ireland,28300000000.0,3.553,4.709,3.153,1.952,44840.0,311882.0,End-use,H.49.6.B,-0.078800187,-0.078800187,12.0,Responsible Consumption and Production
1264,WEU,Western Europe,IT,Italy,787770000.0,3.043,3.4,3.0,2.452,4485.4,1840.6,Raw materials,C.14.45.B,-0.1,-0.1,7.0,Affordable and Clean Energy
1267,NAM,Northern America,US,United States of America,17400700000.0,3.297,3.621,3.417,2.571,40498.0,25105.0,Farming,A.1.4.B,-0.433661864,-0.40794920304,12.0,Responsible Consumption and Production
1268,WEU,Western Europe,GB,United Kingdom of Great Britain and Northern Ireland,5121400000.0,3.851,4.941,3.024,2.881,1051.0,180.0,Operation,MTH002,-0.1,-0.1,3.0,Good Health and Wellbeing
1272,WEU,Western Europe,IT,Italy,2363600000.0,3.175,3.8,2.977,2.286,10729.51,8302.15,Other,ENVIB010,-0.1,-0.1,3.0,Good Health and Wellbeing
1274,WEU,Western Europe,ES,Spain,4617380000.0,3.09,3.9,3.0,1.738,24138.0,154895.0,Manufacturing,C.32.3.B,-0.1,-0.1,3.0,Good Health and Wellbeing
1276,NAM,Northern America,US,United States of America,7310000000.0,3.309,3.929,2.873,2.714,212712.0,175456.0,Operation,MTH002,-0.077,-0.077,2.0,Zero Hunger
1281,WEU,Western Europe,FR,France,1089600000.0,3.011,3.407,3.1,2.19,828.0,4546.0,End-use,C.14.30.B,-0.1,-0.1,9.0,"Industry, Innovation and Infrastructure"
1283,WEU,Western Europe,GB,United Kingdom of Great Britain and Northern Ireland,25600000000.0,3.23,3.781,3.152,2.333,345723.0,238147.0,End-use,H.49.6.B,-0.014515808,-0.014515808,2.0,Zero Hunger
1284,WEU,Western Europe,GB,United Kingdom of Great Britain and Northern Ireland,3360300000.0,3.153,4.2,3.0,1.452,24136.0,162242.0,Other,ENVIB010,-0.1,-0.1,3.0,Good Health and Wellbeing
1289,NAM,Northern America,CA,Canada,10000000000.0,2.773,3.338,2.925,1.571,534314.0,715990.0,End-use,C.27.70.B,-0.25,-0.25,9.0,"Industry, Innovation and Infrastructure"
1295,WEU,Western Europe,IT,Italy,419900000.0,2.476,3.102,1.754,2.214,405.0,462.0,Operation,MTH002,-0.1,-0.1,4.0,Quality Education
1296,WEU,Western Europe,IT,Italy,527797000.0,2.884,3.1,2.8,2.595,1651.0,213461.0,End-use,M.74.2.B,-0.1,-0.1,3.0,Good Health and Wellbeing
1301,WEU,Western Europe,IE,Ireland,3291856000.0,2.895,3.348,2.9,2.071,6680.0,14714.0,Manufacturing,C.32.3.B,-0.1,-0.1,12.0,Responsible Consumption and Production
1302,WEU,Western Europe,LU,Luxembourg,828400000.0,3.009,3.032,2.961,3.024,4282.0,84778.0,Raw materials,C.22.34.B,-0.1325,-0.1325,7.0,Affordable and Clean Energy
1303,WEU,Western Europe,LU,Luxembourg,451800000.0,2.348,2.669,2.455,1.643,2780.0,10680.0,Operation,MTH002,-0.1,-0.1,9.0,"Industry, Innovation and Infrastructure"
1312,WEU,Western Europe,LU,Luxembourg,1250000000.0,3.331,3.818,2.935,2.929,8662.0,55328.0,Operation,MTH003,-0.1,-0.1,3.0,Good Health and Wellbeing
1314,WEU,Western Europe,NL,Netherlands,5130000000.0,3.0,3.602,2.653,2.333,598000.0,640000.0,Operation,MTH002,-0.2,-0.2,2.0,Zero Hunger
1316,WEU,Western Europe,IT,Italy,1651017000.0,3.384,3.441,4.75,1.643,5020.0,2142.0,Operation,MTH002,-0.1,-0.1,3.0,Good Health and Wellbeing
1318,WEU,Western Europe,ES,Spain,2518339000.0,2.461,2.107,2.127,3.5,200665.0,30664.0,Operation,MTH002,-0.189821267,-0.189821267,11.0,Sustainable Cities and Communities
1320,WEU,Western Europe,GB,United Kingdom of Great Britain and Northern Ireland,387691000.0,3.237,3.893,3.027,2.31,290.5,231.3,Operation,MTH002,-0.1,-0.1,3.0,Good Health and Wellbeing
1327,NAM,Northern America,US,United States of America,925735000.0,2.861,3.36,2.849,1.976,350599.0,176658.0,Manufacturing,C.20.26.B,-0.295401515,-0.295401515,2.0,Zero Hunger
1328,NAM,Northern America,US,United States of America,6260000000.0,2.764,3.9,1.738,1.952,19100.0,28000.0,Manufacturing,C.21.9.B,-0.161424238,-0.161424238,3.0,Good Health and Wellbeing
1331,NAM,Northern America,US,United States of America,2360000000.0,2.499,2.65,2.45,2.286,10725.0,0.0,Operation,MTH002,-0.1,-0.1,8.0,Decent Work and Economic Growth
1332,WEU,Western Europe,IT,Italy,2341600000.0,2.682,3.9,1.661,1.714,37280.0,1714.0,Other,ENVIB010,-0.1,-0.1,3.0,Good Health and Wellbeing
1334,WEU,Western Europe,NL,Netherlands,2791300000.0,2.467,2.655,2.218,2.429,21100.0,86300.0,Manufacturing,C.26.1.B,-0.193190025,-0.193190025,9.0,"Industry, Innovation and Infrastructure"
1337,WEU,Western Europe,FR,France,2394700000.0,3.214,4.019,3.019,2.0,13839.0,14613.0,Operation,MTH002,-0.1,-0.1,3.0,Good Health and Wellbeing
1343,WEU,Western Europe,FI,Finland,494000000.0,2.92,3.192,3.0,2.333,3301.0,5431.0,Operation,MTH002,-0.267676768,-0.267676768,3.0,Good Health and Wellbeing
1349,WEU,Western Europe,NL,Netherlands,943000000.0,3.284,3.895,3.0,2.524,2071.0,4120.0,Operation,MTH002,-0.2,-0.2,8.0,Decent Work and Economic Growth
1358,WEU,Western Europe,DE,Germany,1058223000.0,2.317,2.182,2.783,2.0,141933.0,1558.0,Operation,MTH002,-0.1,-0.1,12.0,Responsible Consumption and Production
1363,NAM,Northern America,US,United States of America,1900000000.0,3.166,3.688,2.5,3.024,101173.0,131121.0,Raw materials,C.22.34.B,-0.25,-0.25,3.0,Good Health and Wellbeing
1366,WEU,Western Europe,GB,United Kingdom of Great Britain and Northern Ireland,2611800000.0,2.39,2.32,2.938,1.857,37827.0,1250.0,Manufacturing,C.11.2.B,-0.1,-0.1,9.0,"Industry, Innovation and Infrastructure"
1367,WEU,Western Europe,IE,Ireland,744117000.0,2.027,1.479,1.979,3.071,54564.0,3311.0,Operation,E.38.24.B,-0.644623426,-0.644623426,12.0,Responsible Consumption and Production
1368,WEU,Western Europe,IT,Italy,502076000.0,2.953,3.136,2.86,2.738,1036.8,948.05,End-use,M.74.2.B,-0.062139851,-0.062139851,3.0,Good Health and Wellbeing
1375,WEU,Western Europe,GB,United Kingdom of Great Britain and Northern Ireland,1529800000.0,3.522,3.775,3.598,2.976,8391.0,1823.0,Other,ENVIB010,-0.1,-0.1,16.0,"Peace, Justice and Strong Institutions"
1378,WEU,Western Europe,SE,Sweden,737895000.0,2.698,3.0,2.864,1.952,2347.0,11307.0,Operation,MTH002,-0.1,-0.1,9.0,"Industry, Innovation and Infrastructure"
1380,WEU,Western Europe,NL,Netherlands,456800000.0,3.054,3.294,2.956,2.738,1639.0,27296.0,Operation,MTH004,-1.0,-1.0,11.0,Sustainable Cities and Communities
1383,WEU,Western Europe,GB,United Kingdom of Great Britain and Northern Ireland,1015900000.0,3.062,3.492,2.744,2.667,5640.0,199.0,Operation,L.68.6.B,-0.492174427,-0.492174427,3.0,Good Health and Wellbeing
1400,WEU,Western Europe,IT,Italy,1700000000.0,2.853,3.045,2.857,2.5,5265.0,3400.0,Operation,J.58.94.P,0.1,0.1,16.0,"Peace, Justice and Strong Institutions"
1401,NAM,Northern America,US,United States of America,14700000000.0,3.089,3.9,2.9,1.857,54917.0,208413.0,Other,ENVIB010,-0.1,-0.1,3.0,Good Health and Wellbeing
1406,WEU,Western Europe,NL,Netherlands,2940000000.0,3.019,3.65,2.803,2.143,127587.0,69470.0,Operation,MTH004,-0.25,-0.25,3.0,Good Health and Wellbeing
1415,EA,Eastern Asia,CN,China,18200000000.0,3.091,3.944,3.079,1.571,194982.0,3486.0,Operation,MTH002,-0.1,-0.1,11.0,Sustainable Cities and Communities
1418,NAM,Northern America,US,United States of America,3588600000.0,2.77,3.083,3.0,1.929,2659.0,0.0,Other,ENVIB025,-0.25,-0.25,3.0,Good Health and Wellbeing
1419,WEU,Western Europe,GB,United Kingdom of Great Britain and Northern Ireland,4310000000.0,3.487,3.233,4.75,2.429,29145.0,26129.0,End-use,C.28.1.P,0.180046404,0.180046404,12.0,Responsible Consumption and Production
1425,WEU,Western Europe,GB,United Kingdom of Great Britain and Northern Ireland,1706700000.0,3.382,3.351,4.818,1.714,2743.0,1630.0,Operation,MTH002,-0.1,-0.1,3.0,Good Health and Wellbeing
1432,WEU,Western Europe,GB,United Kingdom of Great Britain and Northern Ireland,4120000000.0,3.28,3.76,3.17,2.548,67117.59,95402.05,Operation,MTH002,-0.1,-0.1,7.0,Affordable and Clean Energy
1437,WEU,Western Europe,SE,Sweden,19900000000.0,3.032,3.643,3.034,1.929,37.0,2299.0,Operation,MTH002,-0.1,-0.1,9.0,"Industry, Innovation and Infrastructure"
1443,WEU,Western Europe,IT,Italy,435361000.0,2.861,3.0,2.953,2.5,666.0,369.0,End-use,C.14.34.P,-0.014515808,-0.014515808,3.0,Good Health and Wellbeing
1456,WEU,Western Europe,FR,France,1080000000.0,2.95,3.871,2.954,1.286,3000.0,21000.0,Operation,J.58.101.B,-0.298666667,-0.298666667,9.0,"Industry, Innovation and Infrastructure"
1457,WEU,Western Europe,IT,Italy,583000000.0,2.454,2.437,2.263,2.714,187900.0,14900.0,Operation,MTH002,-0.1,-0.1,11.0,Sustainable Cities and Communities
1467,WEU,Western Europe,ES,Spain,462000000.0,3.359,3.594,3.086,3.262,49.0,226.0,Other,ENVIB010,-0.054978355,-0.054978355,9.0,"Industry, Innovation and Infrastructure"
1476,WEU,Western Europe,DE,Germany,1230000000.0,3.254,3.55,3.0,3.024,1500.0,1324.0,Raw materials,C.14.20.B,-0.1,-0.1,9.0,"Industry, Innovation and Infrastructure"
1478,WEU,Western Europe,DE,Germany,1636372108.0,2.621,2.466,2.517,3.024,344641.0,126727.0,Disposal ,C.17.2.B,-0.2425,-0.236125,3.0,Good Health and Wellbeing
1483,WEU,Western Europe,NL,Netherlands,13800000000.0,2.898,3.313,2.983,2.048,7528.0,15899.0,Manufacturing,C.32.4.B,-0.226068527,-0.226068527,3.0,Good Health and Wellbeing
1484,NAM,Northern America,US,United States of America,391110000.0,3.292,4.056,2.57,2.786,146713.0,33991.0,Other,ENVIB010,-0.1,-0.1,3.0,Good Health and Wellbeing
1490,WEU,Western Europe,DE,Germany,2640000000.0,2.502,3.5,1.9,1.429,19929.0,11527.0,Operation,MTH002,-0.1,-0.1,3.0,Good Health and Wellbeing
1491,NAM,Northern America,US,United States of America,1870000000.0,2.99,3.229,2.8,2.786,1012.0,5847.0,End-use,C.14.34.P,-0.014515808,-0.014515808,7.0,Affordable and Clean Energy
1493,NAM,Northern America,US,United States of America,2890000000.0,3.088,3.962,2.802,1.857,30424.0,73210.0,End-use,C.27.75.B,-0.074866644,-0.074866644,3.0,Good Health and Wellbeing
1494,NAM,Northern America,US,United States of America,14000000000.0,3.383,3.022,4.9,2.214,4319.0,0.0,Other,ENVIB010,-0.1,-0.1,3.0,Good Health and Wellbeing
1504,WEU,Western Europe,GB,United Kingdom of Great Britain and Northern Ireland,1402367000.0,3.156,3.744,3.0,2.286,31283.0,1758.0,Other,ENVIB010,-0.2,-0.2,3.0,Good Health and Wellbeing
1511,WEU,Western Europe,PT,Portugal,715595511.0,3.054,3.504,2.799,2.548,21603.0,6759.0,Operation,MTH002,-0.1,-0.1,3.0,Good Health and Wellbeing
1538,WEU,Western Europe,NL,Netherlands,610000000.0,2.805,3.9,1.655,2.214,142884.0,118052.0,Other,ENVIB010,-0.1,-0.1,3.0,Good Health and Wellbeing
1553,WEU,Western Europe,GI,Gibraltar,1754500000.0,3.507,3.072,5.0,2.5,892.0,2497.0,End-use,C.14.34.P,-0.014515808,-0.014515808,3.0,Good Health and Wellbeing
1557,WEU,Western Europe,FR,France,2402800000.0,3.018,3.4,2.995,2.357,41609.0,5271.0,Raw materials,C.28.81.P,0.025,0.025,12.0,Responsible Consumption and Production
1564,WEU,Western Europe,GB,United Kingdom of Great Britain and Northern Ireland,581000000.0,2.822,3.0,3.0,2.286,426.0,2280.0,Operation,MTH002,-0.1,-0.1,12.0,Responsible Consumption and Production
1575,NAM,Northern America,US,United States of America,6967200000.0,2.845,3.834,2.362,1.643,26095.0,28933.0,Other,ENVIB010,-0.3,-0.3,3.0,Good Health and Wellbeing
1588,WEU,Western Europe,ES,Spain,211200000.0,3.524,3.9,3.0,3.476,734.0,202.0,End-use,H.49.6.B,-0.1,-0.1,7.0,Affordable and Clean Energy
1589,WEU,Western Europe,IT,Italy,353567895.0,3.375,3.9,3.0,2.881,7593.0,11597.0,Other,ENVIB010,-0.1,-0.1,3.0,Good Health and Wellbeing
1594,WEU,Western Europe,NL,Netherlands,857000000.0,2.741,3.484,1.765,2.571,1683.0,13541.0,Operation,MTH002,-0.1,-0.1,3.0,Good Health and Wellbeing
1609,WEU,Western Europe,GB,United Kingdom of Great Britain and Northern Ireland,6253400000.0,3.329,3.836,2.92,2.905,95262.0,4562.0,Other,ENVIB010,-0.1,-0.1,9.0,"Industry, Innovation and Infrastructure"
1615,WEU,Western Europe,FR,France,2820000000.0,2.942,2.899,2.841,3.138,1900.0,30900.0,Operation,J.58.101.B,-0.25,-0.25,3.0,Good Health and Wellbeing
1618,WEU,Western Europe,DE,Germany,1540000000.0,2.843,3.9,1.9,2.071,112.0,3.0,Operation,MTH002,-0.1,-0.1,3.0,Good Health and Wellbeing
1637,WEU,Western Europe,FR,France,1160000000.0,2.97,3.0,3.0,2.881,3389.0,1220.0,Other,ENVIB010,-0.1,-0.1,3.0,Good Health and Wellbeing
1639,WEU,Western Europe,ES,Spain,1439919000.0,3.832,3.595,4.9,2.976,4992.0,59700.0,Other,ENVIB010,-0.1,-0.1,3.0,Good Health and Wellbeing
1644,WEU,Western Europe,CH,Switzerland,2000000000.0,3.445,4.067,2.6,3.338,190865.0,155446.0,Other,ENVIB010,-0.1,-0.1,3.0,Good Health and Wellbeing
1645,WEU,Western Europe,GB,United Kingdom of Great Britain and Northern Ireland,535412000.0,2.992,3.1,3.0,2.786,21.0,44.0,Operation,MTH002,-0.1,-0.1,9.0,"Industry, Innovation and Infrastructure"
1647,NAM,Northern America,US,United States of America,29000000000.0,3.366,4.545,2.953,1.738,129340.0,16734.0,Operation,MTH002,-0.1,-0.1,3.0,Good Health and Wellbeing
1650,WEU,Western Europe,FR,France,1770000000.0,3.137,4.0,2.332,2.548,19731.0,36015.0,Other,ENVIB010,-0.1,-0.1,2.0,Zero Hunger
1655,WEU,Western Europe,LU,Luxembourg,504771299.0,2.559,2.891,2.189,2.405,348.0,1608.0,Operation,MTH001,-0.25,-0.25,9.0,"Industry, Innovation and Infrastructure"
1658,WEU,Western Europe,FR,France,10368400000.0,2.441,2.507,1.935,2.929,24264.0,51841.0,Operation,MTH002,-0.1,-0.1,9.0,"Industry, Innovation and Infrastructure"
1665,WEU,Western Europe,SE,Sweden,1040000000.0,2.743,2.948,3.053,2.0,354.0,93.0,Operation,MTH002,-0.1,-0.1,9.0,"Industry, Innovation and Infrastructure"
1672,WEU,Western Europe,SE,Sweden,49800000000.0,2.789,3.25,2.596,2.19,4200.0,1852.0,Operation,MTH002,-0.141,-0.141,9.0,"Industry, Innovation and Infrastructure"
1696,WEU,Western Europe,FI,Finland,2063500000.0,2.651,3.543,1.975,1.857,2096.0,2143.0,Operation,MTH002,-0.1,-0.1,3.0,Good Health and Wellbeing
1710,WEU,Western Europe,FR,France,1520000000.0,3.157,3.548,2.878,2.786,33357.0,21636.0,Other,ENVIB010,-0.1,-0.1,3.0,Good Health and Wellbeing
1711,WEU,Western Europe,FR,France,3331900000.0,2.886,3.695,2.948,1.357,106232.0,144872.0,Operation,MTH002,-0.1,-0.1,3.0,Good Health and Wellbeing
1722,WEU,Western Europe,IT,Italy,355000000.0,3.244,4.0,2.471,2.81,5242.0,8772.0,Other,ENVIB010,-0.1,-0.1,3.0,Good Health and Wellbeing
1735,WEU,Western Europe,GB,United Kingdom of Great Britain and Northern Ireland,756321000.0,3.073,3.807,2.112,2.905,71077.0,0.0,Operation,I.55.06.B,-0.080980695,-0.080980695,3.0,Good Health and Wellbeing
1744,WEU,Western Europe,FR,France,3620000000.0,1.553,1.079,2.011,1.857,104501.0,15900.0,Operation,MTH002,-0.1,-0.1,11.0,Sustainable Cities and Communities
1747,NAM,Northern America,US,United States of America,2997800000.0,3.007,4.0,1.8,2.667,22544.0,29690.0,Other,ENVIB010,-0.1,-0.1,3.0,Good Health and Wellbeing
1748,NAM,Northern America,US,United States of America,1400000000.0,3.119,3.9,3.0,1.857,19758.0,90611.0,Operation,MTH002,-0.1,-0.1,9.0,"Industry, Innovation and Infrastructure"
1750,NAM,Northern America,US,United States of America,5510000000.0,2.994,3.875,2.56,1.929,631252.0,862769.0,Other,ENVIB010,-0.1,-0.1,2.0,Zero Hunger
1757,NAM,Northern America,US,United States of America,4183800000.0,2.902,3.086,2.9,2.571,254.0,584.0,Operation,J.58.20.P,0.085971309,0.085971309,16.0,"Peace, Justice and Strong Institutions"
1762,NAM,Northern America,US,United States of America,4440000000.0,3.059,3.9,2.439,2.286,175807.0,302607.0,Other,ENVIB010,-0.1,-0.1,2.0,Zero Hunger
1766,NAM,Northern America,US,United States of America,782009000.0,2.996,3.75,2.0,2.833,1590.0,10254.0,Manufacturing,C.32.1.P,0.25,0.25,3.0,Good Health and Wellbeing
1768,NAM,Northern America,CA,Canada,44500000000.0,3.38,3.999,3.9,1.643,128994.0,66114.0,Other,ENVIB010,-0.1,-0.1,9.0,"Industry, Innovation and Infrastructure"
1776,WEU,Western Europe,NO,Norway,645700000.0,3.017,3.509,3.006,2.143,180.1,2298.2,Operation,MTH002,-0.1,-0.1,3.0,Good Health and Wellbeing
1777,NAM,Northern America,US,United States of America,609000000.0,2.958,3.5,3.063,1.857,144025.0,1597469.0,Operation,MTH004,-0.25,-0.25,9.0,"Industry, Innovation and Infrastructure"
1782,WEU,Western Europe,GB,United Kingdom of Great Britain and Northern Ireland,352806000.0,2.988,3.9,1.75,2.833,60.0,0.0,Other,ENVIB010,-0.1,-0.1,3.0,Good Health and Wellbeing
1784,WEU,Western Europe,BE,Belgium,506778000.0,2.651,3.213,1.833,2.619,484.0,610.0,Operation,MTH002,-0.1,-0.1,4.0,Quality Education
1785,WEU,Western Europe,SE,Sweden,827000000.0,3.01,4.0,1.95,2.5,22773.0,1600.0,Other,ENVIB010,-0.1,-0.1,3.0,Good Health and Wellbeing
1791,WEU,Western Europe,NL,Netherlands,989000000.0,3.114,3.545,3.0,2.476,7019.0,108836.0,Operation,MTH004,-0.5,-0.5,11.0,Sustainable Cities and Communities
1794,WEU,Western Europe,GB,United Kingdom of Great Britain and Northern Ireland,458900000.0,3.15,3.105,2.966,3.452,89.58,154.55,Other,ENVIB010,-0.1,-0.1,9.0,"Industry, Innovation and Infrastructure"
1796,NAM,Northern America,US,United States of America,1440000000.0,3.201,3.75,2.981,2.476,10991.0,142319.0,Raw materials,C.22.34.B,-0.75,-0.75,3.0,Good Health and Wellbeing
1798,NAM,Northern America,US,United States of America,16100000000.0,2.739,3.216,2.639,2.0,29072.0,22926.0,Operation,MTH002,-0.1,-0.1,11.0,Sustainable Cities and Communities
1799,NAM,Northern America,US,United States of America,2240000000.0,3.205,4.75,2.25,1.571,59459.0,2751.0,Other,ENVIB010,-0.1,-0.1,7.0,Affordable and Clean Energy
1807,WEU,Western Europe,NL,Netherlands,2272329000.0,2.347,2.598,2.0,2.31,2071.0,160.0,Raw materials,C.14.45.B,-0.1,-0.1,9.0,"Industry, Innovation and Infrastructure"
1813,LATAM,Latin America,MX,Mexico,6667600000.0,3.064,3.8,2.964,1.857,91346.0,176823.0,Operation,MTH002,-0.1,-0.1,3.0,Good Health and Wellbeing
1824,WEU,Western Europe,GB,United Kingdom of Great Britain and Northern Ireland,3044500000.0,3.226,3.625,3.233,2.5,108280.0,3070.0,Operation,MTH004,-0.25,-0.25,3.0,Good Health and Wellbeing
1827,NAM,Northern America,US,United States of America,1210000000.0,3.512,3.144,4.75,2.69,8842.0,15808.0,Other,ENVIB010,-0.1,-0.1,3.0,Good Health and Wellbeing
1835,NAM,Northern America,US,United States of America,4300000000.0,2.786,1.955,3.993,2.833,59511.0,58870.0,Disposal ,Q.86.1.P,0.03242468,0.03242468,7.0,Affordable and Clean Energy
1843,NAM,Northern America,US,United States of America,1439800000.0,3.01,3.732,3.066,1.643,129280.0,131187.0,Raw materials,C.32.34.B,-0.936935686,-0.936935686,3.0,Good Health and Wellbeing
1851,WEU,Western Europe,IE,Ireland,1392010000.0,3.56,3.855,3.583,3.0,48501.0,11141.0,Operation,G.47.4.B,-0.1,-0.1,3.0,Good Health and Wellbeing
1852,WEU,Western Europe,LU,Luxembourg,678999000.0,2.687,3.098,3.0,1.571,415.63,3074.36,Operation,J.58.20.P,0.1,0.1,9.0,"Industry, Innovation and Infrastructure"
1860,WEU,Western Europe,ES,Spain,1885982000.0,2.929,3.0,3.0,2.714,5139.36,15118.61,Operation,MTH002,-0.1,-0.1,16.0,"Peace, Justice and Strong Institutions"
1866,WEU,Western Europe,GB,United Kingdom of Great Britain and Northern Ireland,9446500000.0,2.847,3.097,3.0,2.214,16309.0,1741.0,Other,ENVIB010,-0.1,-0.1,3.0,Good Health and Wellbeing
1869,NAM,Northern America,US,United States of America,10043408000.0,3.404,4.612,3.0,1.714,51703.0,39724.0,Operation,MTH002,-0.1,-0.1,3.0,Good Health and Wellbeing
1925,NAM,Northern America,US,United States of America,1318471000.0,2.948,3.097,3.0,2.619,358.0,1166.0,Disposal ,Q.86.1.P,0.03242468,0.03242468,3.0,Good Health and Wellbeing
1926,WEU,Western Europe,FR,France,569700000.0,2.96,3.084,3.0,2.69,7166.0,2386.0,Other,ENVIB010,-0.1,-0.1,7.0,Affordable and Clean Energy
1929,NAM,Northern America,US,United States of America,7940000000.0,3.381,4.508,3.198,1.571,51376.0,87920.0,Operation,MTH002,-0.1,-0.1,3.0,Good Health and Wellbeing
1939,NAM,Northern America,US,United States of America,2907738000.0,2.725,2.984,3.0,1.929,29.0,3830.0,Operation,J.58.101.B,-0.25,-0.25,8.0,Decent Work and Economic Growth
1954,NAM,Northern America,US,United States of America,6269305000.0,3.661,4.888,2.905,2.357,65760.4,70023.7,Operation,MTH002,-0.1,-0.1,3.0,Good Health and Wellbeing
1958,NAM,Northern America,US,United States of America,4982659000.0,2.791,3.088,2.765,2.286,54129.0,13085.0,Operation,MTH002,-0.1,-0.1,9.0,"Industry, Innovation and Infrastructure"
1973,NAM,Northern America,US,United States of America,1920000000.0,3.569,4.25,3.0,3.024,70259.0,70666.0,Operation,MTH002,-0.1,-0.1,16.0,"Peace, Justice and Strong Institutions"
1975,NAM,Northern America,US,United States of America,992452000.0,3.012,3.9,3.0,1.429,1605.0,8843.0,Raw materials,C.14.45.B,-0.1,-0.1,3.0,Good Health and Wellbeing
2014,NAM,Northern America,US,United States of America,48040364000.0,2.787,3.652,2.502,1.571,9519.0,12919.0,Disposal ,C.26.55.P,0.001298922,0.001298922,3.0,Good Health and Wellbeing
2026,NAM,Northern America,US,United States of America,1900000000.0,2.96,3.25,2.65,2.81,66.0,7096.0,Operation,MTH002,-0.1,-0.1,9.0,"Industry, Innovation and Infrastructure"
2030,NAM,Northern America,CA,Canada,7829700000.0,3.527,4.595,3.029,2.2,32296.0,33387.0,Operation,MTH002,-0.114725979,-0.114725979,3.0,Good Health and Wellbeing
2037,NAM,Northern America,US,United States of America,599383000.0,2.539,3.0,1.9,2.476,2841.0,3373.0,Operation,MTH002,-0.1,-0.1,4.0,Quality Education
2041,NAM,Northern America,US,United States of America,4210000000.0,2.451,2.86,2.093,2.143,38175.0,79809.0,Operation,J.58.20.P,0.0131,0.0131,9.0,"Industry, Innovation and Infrastructure"
2051,WEU,Western Europe,NL,Netherlands,685100000.0,3.393,3.7,3.0,3.31,76472.0,31323.0,Other,ENVIB010,-0.1,-0.1,3.0,Good Health and Wellbeing
2066,NAM,Northern America,US,United States of America,6355800000.0,3.213,3.939,2.977,2.19,33805.0,33752.0,Other,ENVIB050,-0.095267315,-0.095267315,3.0,Good Health and Wellbeing
2084,WEU,Western Europe,FR,France,26974200000.0,2.592,3.262,2.796,1.143,106000.0,283000.0,End-use,C.14.34.P,-0.014515808,-0.014515808,3.0,Good Health and Wellbeing
2090,NAM,Northern America,US,United States of America,1542533000.0,3.481,4.145,2.865,3.024,309419.0,111164.0,Manufacturing,C.20.26.B,-0.096938776,-0.096938776,3.0,Good Health and Wellbeing
2098,WEU,Western Europe,DE,Germany,41400000000.0,3.228,4.254,2.692,2.024,229000.0,649000.0,End-use,C.29.6.B,-0.017434805,-0.017434805,9.0,"Industry, Innovation and Infrastructure"
2121,WEU,Western Europe,LU,Luxembourg,280000000.0,3.376,3.875,3.0,2.929,3252.0,42384.0,Raw materials,C.22.34.B,-0.25,-0.25,3.0,Good Health and Wellbeing
2126,WEU,Western Europe,ES,Spain,843000000.0,2.996,3.75,2.0,2.833,380.42,5296.02,Disposal ,Q.86.1.P,0.233570402,0.233570402,5.0,Gender Equality
2132,WEU,Western Europe,FR,France,932923000.0,3.565,4.25,2.945,3.119,28423.0,1601.0,Operation,MTH002,-0.1,-0.1,7.0,Affordable and Clean Energy
2143,NAM,Northern America,US,United States of America,2767100000.0,2.668,3.159,2.768,1.667,161700.0,7500.0,Raw materials,C.22.34.B,-0.24,-0.24,12.0,Responsible Consumption and Production
2149,WEU,Western Europe,FR,France,580900000.0,2.915,3.65,2.0,2.69,1290.68,76.4,Operation,MTH002,-0.1,-0.1,3.0,Good Health and Wellbeing
2165,NAM,Northern America,US,United States of America,8300000000.0,3.261,3.619,3.0,2.929,126198.0,60378.0,Operation,MTH002,-0.1,-0.1,3.0,Good Health and Wellbeing
2169,NAM,Northern America,US,United States of America,6430000000.0,2.777,3.141,3.0,1.857,1877.0,7869.0,Other,ENVIB010,-0.081190735,-0.081190735,9.0,"Industry, Innovation and Infrastructure"
2174,WEU,Western Europe,DE,Germany,1010000000.0,2.536,2.389,2.509,2.833,7107.0,16160.0,Raw materials,C.27.78.P,0.01108115,0.01108115,7.0,Affordable and Clean Energy
2193,NAM,Northern America,US,United States of America,3010000000.0,3.526,4.739,3.0,1.976,14499.0,780.0,Operation,MTH002,-0.1,-0.1,3.0,Good Health and Wellbeing
2209,WEU,Western Europe,DE,Germany,306500000.0,3.007,3.968,1.948,2.548,6364.0,6257.0,Other,ENVIB010,-0.1,-0.1,3.0,Good Health and Wellbeing
2215,NAM,Northern America,US,United States of America,4790000000.0,2.774,3.806,1.992,1.857,51517.0,67484.0,Other,ENVIB010,-0.1,-0.1,3.0,Good Health and Wellbeing
2216,NAM,Northern America,US,United States of America,3142800000.0,3.037,3.79,2.89,1.857,33384.0,72976.0,Operation,MTH002,-0.1,-0.1,3.0,Good Health and Wellbeing
2226,WEU,Western Europe,LU,Luxembourg,926836000.0,3.081,3.562,2.251,3.214,37881.0,8966.0,Operation,MTH002,-0.1,-0.1,8.0,Decent Work and Economic Growth
2246,WEU,Western Europe,NL,Netherlands,635625000.0,2.327,2.25,2.0,2.857,8186.0,3378.0,Operation,MTH002,-0.1,-0.1,3.0,Good Health and Wellbeing
2254,WEU,Western Europe,LU,Luxembourg,557000000.0,2.908,2.937,2.926,2.833,556.0,1783.0,Operation,MTH002,-0.1,-0.1,3.0,Good Health and Wellbeing
2265,WEU,Western Europe,FR,France,573000000.0,3.071,3.638,2.419,2.833,987.0,1476.0,Operation,MTH002,-0.1,-0.1,3.0,Good Health and Wellbeing
2269,WEU,Western Europe,GB,United Kingdom of Great Britain and Northern Ireland,1015194000.0,3.058,3.65,2.0,3.262,9110.18,31589.14,Other,ENVIB010,-0.1,-0.1,4.0,Quality Education
2279,WEU,Western Europe,IE,Ireland,7996644000.0,3.147,4.238,3.0,1.357,3478.0,118.0,Transportation,H.51.4.B,-0.656900288,-0.59564125632,8.0,Decent Work and Economic Growth
2285,WEU,Western Europe,FR,France,2500000000.0,2.949,3.058,2.92,2.786,6231.0,317.0,Other,ENVIB010,-0.1,-0.1,16.0,"Peace, Justice and Strong Institutions"
2289,CAR,Caribbean,PR,Puerto Rico,1260500000.0,2.294,2.631,1.973,2.071,7530.0,57601.0,Operation,MTH002,-0.1,-0.1,9.0,"Industry, Innovation and Infrastructure"
2292,WEU,Western Europe,GB,United Kingdom of Great Britain and Northern Ireland,773000000.0,3.002,3.051,2.987,2.933,874.0,895.0,End-use,C.14.34.P,-0.014515808,-0.014515808,3.0,Good Health and Wellbeing
2306,WEU,Western Europe,IE,Ireland,2470000000.0,3.79,4.9,3.0,2.738,184.0,43.0,Transportation,H.51.1.B,-0.1,-0.1,3.0,Good Health and Wellbeing
2324,NAM,Northern America,US,United States of America,12385107000.0,3.207,3.776,3.0,2.429,1468.0,0.0,Operation,MTH002,-0.1,-0.1,3.0,Good Health and Wellbeing
2339,NAM,Northern America,US,United States of America,790723000.0,2.803,3.901,2.184,1.571,183.0,6091.0,End-use,J.61.2.B,-0.153072415,-0.153072415,9.0,"Industry, Innovation and Infrastructure"
2365,WEU,Western Europe,FR,France,872000000.0,3.339,4.0,2.769,2.833,1144.0,421.0,Operation,MTH002,-0.1,-0.1,3.0,Good Health and Wellbeing
2377,EA,Eastern Asia,JP,Japan,725006000.0,2.792,3.5,2.926,1.357,1681.0,62624.0,Operation,MTH002,-0.1,-0.1,9.0,"Industry, Innovation and Infrastructure"
2380,NAM,Northern America,US,United States of America,5693603000.0,2.64,3.168,2.042,2.405,441976.0,4397.0,Manufacturing,C.11.2.B,-0.1,-0.1,3.0,Good Health and Wellbeing
2416,NAM,Northern America,US,United States of America,1078309000.0,3.038,3.291,2.988,2.643,13375.0,101806.0,Operation,MTH004,-0.25,-0.25,11.0,Sustainable Cities and Communities
2426,NAM,Northern America,US,United States of America,2071600000.0,2.893,3.6,2.0,2.69,1383.0,11467.0,Manufacturing,C.32.1.P,0.25,0.25,3.0,Good Health and Wellbeing
2435,NAM,Northern America,US,United States of America,2679634000.0,2.119,2.543,1.938,1.571,10200.0,12300.0,Operation,MTH002,-0.1,-0.1,11.0,Sustainable Cities and Communities
2465,NAM,Northern America,US,United States of America,4102108000.0,2.974,3.577,3.0,1.857,4098.0,13651.0,Other,ENVIB010,-0.1,-0.1,3.0,Good Health and Wellbeing
2509,NAM,Northern America,US,United States of America,3305200000.0,3.021,3.1,3.0,2.905,4463.0,16104.0,Operation,MTH002,-0.1,-0.1,3.0,Good Health and Wellbeing
2517,WEU,Western Europe,GB,United Kingdom of Great Britain and Northern Ireland,871900000.0,2.805,3.75,2.0,2.071,8153.0,7799.0,Operation,MTH002,-0.1,-0.1,4.0,Quality Education
2545,WEU,Western Europe,SE,Sweden,567000000.0,3.903,4.9,3.0,3.19,62.86,942.93,Other,ENVIB010,-0.1,-0.1,3.0,Good Health and Wellbeing
2575,WEU,Western Europe,DE,Germany,248316000.0,2.979,3.1,2.917,2.833,524.0,1726.0,Operation,J.58.45.P,0.042420559,0.042420559,3.0,Good Health and Wellbeing
2581,NAM,Northern America,US,United States of America,5501907000.0,2.89,3.523,2.959,1.667,104515.0,8991.0,Raw materials,C.32.34.B,-0.5,-0.5,8.0,Decent Work and Economic Growth
2589,NAM,Northern America,US,United States of America,852427000.0,3.067,3.047,3.15,3.005,87.79,1375.38,Operation,MTH002,-0.1,-0.1,9.0,"Industry, Innovation and Infrastructure"
2601,NAM,Northern America,US,United States of America,10333967000.0,2.595,3.521,2.0,1.643,18968.0,91901.0,Other,ENVIB010,-0.1,-0.1,3.0,Good Health and Wellbeing
2605,NAM,Northern America,US,United States of America,3202053000.0,3.143,4.099,2.9,1.714,23200.0,107300.0,Other,ENVIB010,-0.1,-0.1,3.0,Good Health and Wellbeing
2616,WEU,Western Europe,FR,France,5610000000.0,2.845,3.405,2.985,1.667,612.0,2811.0,Operation,MTH002,-0.1,-0.1,9.0,"Industry, Innovation and Infrastructure"
2627,NAM,Northern America,US,United States of America,1430000000.0,3.163,3.838,3.0,2.143,112617.0,51469.0,Other,ENVIB025,-0.25,-0.25,3.0,Good Health and Wellbeing
2633,NAM,Northern America,US,United States of America,6255284000.0,2.999,3.816,2.963,1.571,128220.0,17432.0,Other,ENVIB010,-0.1,-0.1,3.0,Good Health and Wellbeing
2645,NAM,Northern America,US,United States of America,1561252000.0,2.895,3.65,2.35,2.19,281.0,3425.0,Operation,MTH002,-0.1,-0.1,3.0,Good Health and Wellbeing
2677,NAM,Northern America,CA,Canada,843323000.0,2.912,3.2,3.0,2.286,8.0,482.0,Operation,J.58.20.P,0.1,0.1,3.0,Good Health and Wellbeing
2684,NAM,Northern America,US,United States of America,1049288000.0,3.034,3.722,2.506,2.429,39206.0,33697.0,Disposal ,Q.86.1.P,0.039383075,0.039383075,3.0,Good Health and Wellbeing
2690,WEU,Western Europe,GB,United Kingdom of Great Britain and Northern Ireland,720000000.0,2.745,2.5,2.9,3.0,18069.0,4467.0,Disposal ,Q.86.1.P,0.03242468,0.03242468,11.0,Sustainable Cities and Communities
2693,NAM,Northern America,US,United States of America,1409281000.0,3.177,3.9,3.55,1.429,70379.0,19815.0,Manufacturing,C.11.2.B,-0.1,-0.1,3.0,Good Health and Wellbeing
2703,NAM,Northern America,US,United States of America,2550000000.0,2.79,3.101,2.9,2.095,1506.0,4151.0,Operation,MTH002,-0.1,-0.1,3.0,Good Health and Wellbeing
2708,WEU,Western Europe,FR,France,4180000000.0,2.662,3.0,2.25,2.548,84296.0,2526.0,Manufacturing,F.42.41.B,-0.75,-0.61698286428,9.0,"Industry, Innovation and Infrastructure"
2709,NAM,Northern America,US,United States of America,1126816000.0,2.577,3.0,2.9,1.429,1219.0,2226.0,End-use,J.58.16.B,-0.05,-0.05,9.0,"Industry, Innovation and Infrastructure"
2739,NAM,Northern America,US,United States of America,6929249000.0,3.115,3.74,3.406,1.643,101923.0,84032.0,End-use,C.14.34.P,0.119939602,0.119939602,12.0,Responsible Consumption and Production
2756,NAM,Northern America,US,United States of America,4283800000.0,3.051,4.125,2.077,2.286,6151.0,44551.0,Other,ENVIB010,-0.1,-0.1,9.0,"Industry, Innovation and Infrastructure"
2774,NAM,Northern America,US,United States of America,66500000000.0,3.805,4.518,3.769,2.571,517000.0,464000.0,Operation,MTH002,-0.1,-0.1,2.0,Zero Hunger
2775,WEU,Western Europe,DE,Germany,4058900000.0,2.866,3.9,2.014,2.029,40923.1,29853.6,Other,ENVIB010,-0.1,-0.1,3.0,Good Health and Wellbeing
2785,NAM,Northern America,US,United States of America,5769577000.0,2.836,3.138,2.9,2.214,4938.0,49196.0,Operation,J.58.94.P,0.078581515,0.078581515,8.0,Decent Work and Economic Growth
2790,NAM,Northern America,US,United States of America,30300000000.0,3.02,3.8,2.94,1.714,344074.0,137440.0,Operation,MTH002,-0.1,-0.1,2.0,Zero Hunger
2805,NAM,Northern America,US,United States of America,840400000.0,3.376,3.94,2.981,2.833,36538.0,65205.0,Operation,MTH002,-0.1,-0.1,3.0,Good Health and Wellbeing
2807,WEU,Western Europe,MT,Malta,435800000.0,4.006,4.699,3.309,3.595,84709.0,1537.0,Transportation,H.50.73.B,-0.082491969,-0.082491969,4.0,Quality Education
2827,NAM,Northern America,US,United States of America,17700000000.0,2.629,3.093,2.85,1.529,17636.0,120793.0,Operation,MTH002,-0.1,-0.1,3.0,Good Health and Wellbeing
2862,NAM,Northern America,US,United States of America,203366562.0,3.039,3.258,2.9,2.81,6.11,1.76,Operation,MTH002,-0.1,-0.1,3.0,Good Health and Wellbeing
2865,NAM,Northern America,US,United States of America,264700000.0,3.483,3.9,3.0,3.31,252.0,29030.0,Raw materials,C.32.41.B,-0.1,-0.1,3.0,Good Health and Wellbeing
2876,NAM,Northern America,US,United States of America,4655600000.0,2.842,3.75,2.181,2.0,68712.0,77715.0,Other,ENVIB025,-0.25,-0.25,3.0,Good Health and Wellbeing
2889,WEU,Western Europe,NL,Netherlands,856263000.0,3.388,3.9,3.5,2.333,36217.0,67558.0,Operation,MTH002,-0.1,-0.1,9.0,"Industry, Innovation and Infrastructure"
2897,NAM,Northern America,US,United States of America,4160300000.0,3.141,4.036,3.046,1.643,19844.0,53514.0,Other,ENVIB010,-0.1,-0.1,3.0,Good Health and Wellbeing
2901,NAM,Northern America,US,United States of America,3874140000.0,2.757,2.745,3.108,2.357,71217.0,266271.0,Operation,MTH004,-0.75,-0.75,3.0,Good Health and Wellbeing
2918,NAM,Northern America,US,United States of America,1450000000.0,2.955,3.36,2.707,2.524,259057.0,148507.0,Operation,MTH002,-0.1,-0.1,3.0,Good Health and Wellbeing
2920,WEU,Western Europe,GB,United Kingdom of Great Britain and Northern Ireland,549000000.0,2.924,3.75,1.9,2.667,3217.0,12858.0,Manufacturing,C.11.2.B,-0.1,-0.1,3.0,Good Health and Wellbeing
2925,NAM,Northern America,US,United States of America,154000000000.0,3.07,3.516,2.814,2.571,9998.0,54646.0,Operation,MTH002,-0.1,-0.1,9.0,"Industry, Innovation and Infrastructure"
2929,NAM,Northern America,US,United States of America,1120000000.0,2.984,3.1,2.935,2.833,18.88,126.0,Transportation,M.70.4.P,0.1,0.1,12.0,Responsible Consumption and Production
2944,NAM,Northern America,US,United States of America,583000000.0,2.851,3.0,2.9,2.524,92.0,432.0,Transportation,M.70.5.P,0.25,0.25,12.0,Responsible Consumption and Production
2951,NAM,Northern America,US,United States of America,1576551000.0,1.803,1.0,3.0,1.81,375.0,574.0,Disposal ,Q.86.1.P,0.03242468,0.03242468,7.0,Affordable and Clean Energy
2953,NAM,Northern America,US,United States of America,648407000.0,3.029,3.867,2.986,1.571,21400.0,3600.0,Other,ENVIB010,-0.1,-0.1,3.0,Good Health and Wellbeing
2957,NAM,Northern America,US,United States of America,514711000.0,2.907,3.0,2.65,3.048,378.0,11430.0,Operation,MTH002,-0.1,-0.1,9.0,"Industry, Innovation and Infrastructure"
2977,NAM,Northern America,US,United States of America,721900000.0,2.845,3.633,2.049,2.381,404.0,7644.0,Operation,MTH002,-0.1,-0.1,3.0,Good Health and Wellbeing
2998,NAM,Northern America,US,United States of America,5152500000.0,2.628,3.364,2.379,1.6,285855.0,188735.0,Other,ENVIB025,-0.701411936,-0.6950538361599999,6.0,Clean Water and Sanitation
3003,NAM,Northern America,US,United States of America,6730000000.0,3.249,3.25,3.355,3.119,1919.0,18408.0,Operation,MTH002,-0.1,-0.1,12.0,Responsible Consumption and Production
3005,NAM,Northern America,US,United States of America,1178166000.0,3.109,4.0,2.159,2.643,14557.0,49401.0,Other,ENVIB010,-0.1,-0.1,3.0,Good Health and Wellbeing
3035,NAM,Northern America,US,United States of America,1186077000.0,3.558,4.875,3.0,1.857,559769.0,310903.0,Operation,MTH002,-0.1,-0.1,2.0,Zero Hunger
3036,NAM,Northern America,US,United States of America,1610000000.0,3.692,4.5,3.235,2.786,6409.88,17366.52,Operation,MTH002,-0.1,-0.1,3.0,Good Health and Wellbeing
3042,WEU,Western Europe,FR,France,1950000000.0,2.933,3.503,2.0,3.024,2682.0,2164.0,Other,ENVIB010,-0.1,-0.1,9.0,"Industry, Innovation and Infrastructure"
3048,WEU,Western Europe,GB,United Kingdom of Great Britain and Northern Ireland,2955207000.0,3.13,3.25,2.8,3.31,17835.0,628.0,Other,ENVIB010,-0.1,-0.1,3.0,Good Health and Wellbeing
3053,NAM,Northern America,US,United States of America,4301200000.0,3.054,3.758,2.995,1.857,67853.0,13816.0,Other,ENVIB010,-0.332964806,-0.332964806,8.0,Decent Work and Economic Growth
3086,NAM,Northern America,US,United States of America,288945000.0,2.77,4.0,1.922,1.571,1548.82,1992.79,Raw materials,C.22.34.B,-0.24,-0.24,3.0,Good Health and Wellbeing
3102,NAM,Northern America,US,United States of America,555124000.0,2.403,2.884,1.9,2.143,291.0,1086.0,Operation,J.58.101.B,-0.25,-0.25,4.0,Quality Education
3114,NAM,Northern America,US,United States of America,965617000.0,2.895,2.75,3.125,2.881,27859.0,1082.0,Raw materials,C.28.94.P,0.25,0.25,12.0,Responsible Consumption and Production
3115,NAM,Northern America,US,United States of America,860205000.0,2.794,3.2,3.0,1.814,294.0,1178.0,Operation,J.58.20.P,0.1,0.1,12.0,Responsible Consumption and Production
3148,WEU,Western Europe,FR,France,1360000000.0,3.143,3.939,2.346,2.667,65556.0,203288.0,Other,ENVIB010,-0.1,-0.1,3.0,Good Health and Wellbeing
3157,WEU,Western Europe,GB,United Kingdom of Great Britain and Northern Ireland,2476130000.0,3.179,3.645,2.925,2.643,13060.0,10380.0,Manufacturing,G.47.44.B,-0.074713,-0.074713,3.0,Good Health and Wellbeing
3160,WEU,Western Europe,FR,France,1600000000.0,2.903,3.675,2.0,2.595,23843.0,1535.0,Operation,MTH002,-0.1,-0.1,3.0,Good Health and Wellbeing
3173,WEU,Western Europe,ES,Spain,857984000.0,3.397,3.815,3.0,3.119,10494.0,0.0,Operation,MTH001,-1.0,-1.0,3.0,Good Health and Wellbeing
3179,WEU,Western Europe,GB,United Kingdom of Great Britain and Northern Ireland,693000000.0,3.134,3.633,2.992,2.405,81.0,636.0,Operation,I.55.06.B,-0.1,-0.1,3.0,Good Health and Wellbeing
3217,NAM,Northern America,US,United States of America,2300000000.0,3.346,4.0,3.15,2.405,183000.0,97000.0,Operation,MTH002,-0.1,-0.1,3.0,Good Health and Wellbeing
3232,WEU,Western Europe,NL,Netherlands,2210571000.0,3.467,4.05,3.08,2.881,4768.0,2550.0,Operation,MTH002,-0.1,-0.1,3.0,Good Health and Wellbeing
3236,NAM,Northern America,US,United States of America,3810000000.0,2.759,2.9,3.0,2.214,423.0,11583.0,Operation,MTH002,-0.1,-0.1,8.0,Decent Work and Economic Growth
3256,WEU,Western Europe,SE,Sweden,1498917000.0,2.634,2.579,2.711,2.643,38064.0,4997.0,Raw materials,C.22.34.B,-0.24,-0.24,11.0,Sustainable Cities and Communities
3289,WEU,Western Europe,NL,Netherlands,578600000.0,2.827,3.144,2.981,2.071,1969.17,784.22,Operation,MTH002,-0.1,-0.1,9.0,"Industry, Innovation and Infrastructure"
3295,WEU,Western Europe,FR,France,19300000000.0,2.508,3.053,2.742,1.243,72515.0,12224.0,Other,ENVIB010,-0.1,-0.1,7.0,Affordable and Clean Energy
3308,WEU,Western Europe,DE,Germany,2900000000.0,2.956,3.14,2.624,3.024,5300.0,12496.0,Operation,MTH002,-0.1,-0.1,16.0,"Peace, Justice and Strong Institutions"
3309,WEU,Western Europe,DE,Germany,732700000.0,2.745,2.7,2.5,3.119,48719.0,3253.0,Other,ENVIB010,-0.1,-0.1,6.0,Clean Water and Sanitation
3310,WEU,Western Europe,FR,France,1476111000.0,2.836,3.042,2.886,2.405,30793.0,2598.0,Other,ENVIB010,-0.1,-0.1,3.0,Good Health and Wellbeing
3311,WEU,Western Europe,NL,Netherlands,4950000000.0,2.85,3.35,2.65,2.19,35400.0,1880.0,Operation,MTH001,-0.5,-0.5,9.0,"Industry, Innovation and Infrastructure"
3312,WEU,Western Europe,GB,United Kingdom of Great Britain and Northern Ireland,995153000.0,2.937,3.15,3.0,2.476,172.0,355.0,Operation,MTH002,-0.1,-0.1,9.0,"Industry, Innovation and Infrastructure"
3313,WEU,Western Europe,IT,Italy,462689000.0,3.064,3.094,2.974,3.119,1044.0,4099.0,End-use,J.58.36.B,-0.025985057,-0.025985057,9.0,"Industry, Innovation and Infrastructure"
3320,WEU,Western Europe,NL,Netherlands,338730000.0,2.998,3.988,1.67,2.81,3730.0,7845.0,Other,ENVIB010,-0.1,-0.1,3.0,Good Health and Wellbeing
3337,NAM,Northern America,US,United States of America,5636523000.0,3.185,3.8,3.25,2.0,39516.0,66078.0,End-use,C.14.34.P,0.25,0.25,11.0,Sustainable Cities and Communities
3342,WEU,Western Europe,BE,Belgium,976893000.0,3.294,3.944,3.0,2.476,19518.0,9123.0,Operation,MTH002,-0.1,-0.1,3.0,Good Health and Wellbeing
3343,NAM,Northern America,US,United States of America,1085677000.0,3.117,3.875,2.375,2.643,27000.0,38000.0,Other,ENVIB010,-0.1,-0.1,3.0,Good Health and Wellbeing
3345,NAM,Northern America,US,United States of America,607851000.0,3.144,3.44,2.96,2.833,4972.0,68798.0,Operation,MTH004,-0.24,-0.24,3.0,Good Health and Wellbeing
3346,WEU,Western Europe,GB,United Kingdom of Great Britain and Northern Ireland,794970000.0,3.235,3.8,3.0,2.5,49281.0,35641.0,Farming,I.56.1.B,-0.1,-0.1,3.0,Good Health and Wellbeing
3350,WEU,Western Europe,FR,France,1655100000.0,2.666,3.888,1.249,2.167,40835.0,19248.0,Other,ENVIB010,-0.1,-0.1,3.0,Good Health and Wellbeing
3351,NAM,Northern America,US,United States of America,8702604000.0,3.24,3.833,3.265,2.143,39715.0,158233.0,End-use,C.14.34.P,0.1325,0.1325,2.0,Zero Hunger
3355,NAM,Northern America,US,United States of America,4573200000.0,2.474,2.947,2.236,1.905,832.0,8770.0,Operation,MTH002,-0.1,-0.1,8.0,Decent Work and Economic Growth
3356,NAM,Northern America,US,United States of America,702727000.0,3.698,4.75,3.0,2.643,63384.0,10645.0,Farming,D.35.8.B,-0.25,-0.25,3.0,Good Health and Wellbeing
3377,NAM,Northern America,US,United States of America,2330000000.0,2.649,3.0,2.9,1.714,2862.0,16675.0,Operation,MTH002,-0.1,-0.1,8.0,Decent Work and Economic Growth
3387,NAM,Northern America,US,United States of America,1540000000.0,3.102,3.9,3.0,1.786,442406.0,2061608.0,Operation,I.55.06.B,-0.1,-0.1,9.0,"Industry, Innovation and Infrastructure"
3389,WEU,Western Europe,DE,Germany,412000000.0,2.98,3.9,1.8,2.738,1655.0,1757.0,Manufacturing,C.21.9.B,-0.1,-0.1,3.0,Good Health and Wellbeing
3395,NAM,Northern America,US,United States of America,37300000000.0,3.824,4.798,3.703,2.214,1712.0,82042.0,End-use,C.14.34.P,-0.014515808,-0.014515808,9.0,"Industry, Innovation and Infrastructure"
3410,WEU,Western Europe,NL,Netherlands,2400000000.0,3.504,4.0,3.059,3.143,4815.7,1714.3,Operation,MTH002,-0.1,-0.1,8.0,Decent Work and Economic Growth
3419,NAM,Northern America,US,United States of America,1850000000.0,3.77,4.804,3.0,2.833,568478.0,3064.0,Other,ENVIB010,-0.1,-0.1,2.0,Zero Hunger
3429,WEU,Western Europe,SE,Sweden,14800000000.0,2.479,2.62,2.607,2.071,10617.0,558.0,Operation,MTH002,-0.1,-0.1,9.0,"Industry, Innovation and Infrastructure"
3435,NAM,Northern America,US,United States of America,4730000000.0,3.057,4.0,3.0,1.429,63857.044,159892.851,Other,ENVIB010,-0.1,-0.1,9.0,"Industry, Innovation and Infrastructure"
3438,NAM,Northern America,US,United States of America,1680000000.0,2.861,2.905,2.837,2.81,804.0,2456.0,End-use,M.74.2.B,-0.095417895,-0.095417895,3.0,Good Health and Wellbeing
3468,NAM,Northern America,US,United States of America,1323649000.0,3.006,3.952,2.9,1.429,208797.0,63336.0,Other,ENVIB010,-0.1,-0.1,3.0,Good Health and Wellbeing
3489,WEU,Western Europe,GB,United Kingdom of Great Britain and Northern Ireland,1334100000.0,3.324,4.05,2.9,2.524,113811.0,111919.0,Manufacturing,C.20.26.B,-0.1,-0.1,3.0,Good Health and Wellbeing
3498,WEU,Western Europe,SE,Sweden,10300000000.0,2.817,3.262,2.394,2.524,38927.0,853.0,Other,ENVIB010,-0.1,-0.1,3.0,Good Health and Wellbeing
3518,NAM,Northern America,US,United States of America,2849600000.0,3.504,3.953,3.15,3.119,2807.0,4488.0,Operation,MTH002,-0.1,-0.1,3.0,Good Health and Wellbeing
3535,WEU,Western Europe,BE,Belgium,817500000.0,3.091,3.421,2.572,3.119,40732.0,215.0,Operation,F.42.15.B,-0.013953488,-0.013953488,11.0,Sustainable Cities and Communities
3536,NAM,Northern America,US,United States of America,1737342000.0,3.024,3.621,2.743,2.286,55237.0,26914.0,Manufacturing,C.11.2.B,-0.1,-0.1,3.0,Good Health and Wellbeing
3539,WEU,Western Europe,DE,Germany,1847100000.0,2.4,2.994,1.9,1.929,2009.0,187.0,Operation,MTH002,-0.1,-0.1,8.0,Decent Work and Economic Growth
3540,WEU,Western Europe,GB,United Kingdom of Great Britain and Northern Ireland,1900000000.0,3.061,3.562,2.677,2.619,15339.0,123741.0,Operation,MTH003,-0.3,-0.3,11.0,Sustainable Cities and Communities
3546,WEU,Western Europe,NL,Netherlands,669369000.0,1.939,1.0,3.0,2.357,735.0,581.0,End-use,C.14.34.P,-0.014515808,-0.014515808,7.0,Affordable and Clean Energy
3555,NAM,Northern America,US,United States of America,1020000000.0,3.531,4.373,3.267,2.333,1471.12,1204.88,Manufacturing,C.20.1.P,0.0175,0.0175,3.0,Good Health and Wellbeing
3564,NAM,Northern America,US,United States of America,823265000.0,3.07,3.213,2.893,3.024,3542.0,72532.0,Raw materials,C.22.34.B,-0.25,-0.25,7.0,Affordable and Clean Energy
3573,WEU,Western Europe,GB,United Kingdom of Great Britain and Northern Ireland,2240600000.0,2.848,3.287,2.938,1.952,5919.0,1945.0,End-use,M.74.2.B,-0.006655676,-0.006655676,12.0,Responsible Consumption and Production
3576,WEU,Western Europe,LU,Luxembourg,3740000000.0,2.909,3.01,2.94,2.69,1620.0,50164.0,Operation,MTH002,-0.1,-0.1,16.0,"Peace, Justice and Strong Institutions"
3591,NAM,Northern America,US,United States of America,2628800000.0,2.746,2.95,2.783,2.333,180.0,15590.0,Operation,J.58.20.P,0.1,0.1,8.0,Decent Work and Economic Growth
3592,NAM,Northern America,US,United States of America,6362900000.0,3.649,3.775,4.857,1.943,64080.0,215068.0,Operation,L.68.7.B,-0.093612137,-0.093612137,2.0,Zero Hunger
3595,NAM,Northern America,US,United States of America,3760500000.0,2.83,3.351,2.979,1.714,76040.0,10583.0,Disposal ,C.26.38.P,0.029036032,0.029036032,12.0,Responsible Consumption and Production
3601,WEU,Western Europe,LU,Luxembourg,1087500000.0,3.201,3.5,2.9,3.024,215581.0,54611.0,Operation,MTH002,-0.1,-0.1,3.0,Good Health and Wellbeing
3606,WEU,Western Europe,FR,France,441000000.0,3.242,3.65,2.575,3.31,138437.0,61295.0,Other,ENVIB010,-0.1,-0.1,3.0,Good Health and Wellbeing
3618,NAM,Northern America,US,United States of America,3750000000.0,3.093,4.0,3.0,1.571,56535.0,110884.0,Operation,MTH002,-0.1,-0.1,9.0,"Industry, Innovation and Infrastructure"
3632,WEU,Western Europe,GB,United Kingdom of Great Britain and Northern Ireland,1380000000.0,2.557,2.6,2.5,2.548,1037.0,126.0,Transportation,M.70.5.P,0.25,0.25,12.0,Responsible Consumption and Production
3634,NAM,Northern America,US,United States of America,2339226000.0,3.173,3.981,3.296,1.571,76338.0,106545.0,Operation,MTH002,-0.1,-0.1,3.0,Good Health and Wellbeing
3642,NAM,Northern America,US,United States of America,195000000.0,3.376,3.75,2.87,3.31,196.0,7919.0,Raw materials,C.22.34.B,-1.0,-1.0,11.0,Sustainable Cities and Communities
3647,WEU,Western Europe,ES,Spain,1310000000.0,3.853,4.9,3.25,2.69,7867.0,1949.0,Operation,MTH002,-0.2,-0.2,3.0,Good Health and Wellbeing
3665,NAM,Northern America,US,United States of America,4300000000.0,3.149,3.0,3.0,3.595,1034.0,6364.095,Operation,MTH002,-0.1,-0.1,9.0,"Industry, Innovation and Infrastructure"
3668,WEU,Western Europe,SE,Sweden,16900000000.0,3.031,3.805,2.907,1.786,54334.0,443.0,Operation,MTH002,-0.1,-0.1,9.0,"Industry, Innovation and Infrastructure"
3669,ANZ,Australia and New Zealand,NZ,New Zealand,475078000.0,2.531,3.04,2.11,2.119,176.0,3161.0,Operation,MTH002,-0.1,-0.1,9.0,"Industry, Innovation and Infrastructure"
3671,WEU,Western Europe,ES,Spain,2396700000.0,3.732,3.537,4.554,3.095,12770.0,19805.0,Operation,MTH002,-0.1,-0.1,3.0,Good Health and Wellbeing
3673,WEU,Western Europe,CH,Switzerland,422300000.0,2.956,3.218,3.0,2.429,883.0,400.0,End-use,J.58.36.B,-0.016245274,-0.016245274,9.0,"Industry, Innovation and Infrastructure"
3683,WEU,Western Europe,DK,Denmark,2370000000.0,2.657,3.3,2.0,2.286,2673.0,3067.0,Other,ENVIB010,-0.1,-0.1,3.0,Good Health and Wellbeing
3689,NAM,Northern America,US,United States of America,2490000000.0,2.895,3.15,2.9,2.429,3286.0,20375.0,Operation,J.58.20.P,0.1,0.1,9.0,"Industry, Innovation and Infrastructure"
3694,WEU,Western Europe,FR,France,9240000000.0,2.23,2.471,2.0,2.071,24215.0,205362.0,Operation,MTH002,-0.1,-0.1,9.0,"Industry, Innovation and Infrastructure"
3705,WEU,Western Europe,BE,Belgium,2854600000.0,2.252,2.265,2.267,2.214,8072.0,1389.0,Operation,MTH001,-0.301023269,-0.301023269,9.0,"Industry, Innovation and Infrastructure"
3723,WEU,Western Europe,GB,United Kingdom of Great Britain and Northern Ireland,18400000000.0,3.332,4.007,3.311,2.143,195846.0,223116.0,Farming,I.56.1.B,-0.081081817,-0.081081817,2.0,Zero Hunger
3725,WEU,Western Europe,LU,Luxembourg,649600000.0,3.346,3.802,3.211,2.69,15211.0,4263.0,Farming,A.1.4.B,-0.1,-0.1,3.0,Good Health and Wellbeing
3753,WEU,Western Europe,GB,United Kingdom of Great Britain and Northern Ireland,51219000.0,3.224,3.699,2.974,2.667,82.0,1959.0,Operation,MTH002,-0.1,-0.1,3.0,Good Health and Wellbeing
3769,WEU,Western Europe,DE,Germany,1820000000.0,2.901,4.0,1.942,2.071,18137.0,3248.0,Other,ENVIB010,-0.1,-0.1,3.0,Good Health and Wellbeing
3785,WEU,Western Europe,FR,France,599700000.0,3.028,4.0,1.75,2.81,1655.64,1757.36,Manufacturing,C.11.2.B,-0.1,-0.1,3.0,Good Health and Wellbeing
3789,NAM,Northern America,US,United States of America,1761185000.0,3.346,3.708,2.993,3.119,63122.0,108288.0,Raw materials,C.22.34.B,-0.25,-0.25,7.0,Affordable and Clean Energy
3800,WEU,Western Europe,GB,United Kingdom of Great Britain and Northern Ireland,469000000.0,3.264,3.944,3.0,2.357,26.0,108.0,Operation,MTH002,-0.1,-0.1,3.0,Good Health and Wellbeing
3850,WEU,Western Europe,SE,Sweden,16400000000.0,2.665,3.102,2.205,2.429,20943.0,257.0,Manufacturing,F.42.41.B,-0.2475,-0.2475,9.0,"Industry, Innovation and Infrastructure"
3858,NAM,Northern America,US,United States of America,1537617000.0,1.77,1.1,3.0,1.5,22310.0,28446.0,Disposal ,C.14.87.P,0.1,0.1,12.0,Responsible Consumption and Production
3908,WEU,Western Europe,DK,Denmark,2380000000.0,3.219,4.235,2.653,2.071,6511.0,4695.0,Other,ENVIB010,-0.1,-0.1,8.0,Decent Work and Economic Growth
3916,WEU,Western Europe,ES,Spain,436699000.0,3.023,3.171,3.0,2.786,30446.0,10330.0,Operation,MTH002,-0.1,-0.1,3.0,Good Health and Wellbeing
3918,NAM,Northern America,US,United States of America,1513700000.0,2.77,3.004,2.942,2.143,265.0,0.0,Operation,J.58.20.P,0.004255682,0.004255682,3.0,Good Health and Wellbeing
3936,WEU,Western Europe,NL,Netherlands,468000000.0,2.872,2.93,2.855,2.786,10900.0,1477.0,Operation,MTH002,-0.1,-0.1,3.0,Good Health and Wellbeing
3937,NAM,Northern America,US,United States of America,1657225000.0,2.905,3.0,2.9,2.738,3749.0,17537.0,Operation,MTH002,-0.1,-0.1,9.0,"Industry, Innovation and Infrastructure"
3942,NAM,Northern America,US,United States of America,849300000.0,3.084,3.093,3.0,3.167,329.0,1476.0,Operation,J.58.20.P,0.09339254,0.09339254,9.0,"Industry, Innovation and Infrastructure"
3954,NAM,Northern America,US,United States of America,2983781000.0,2.573,3.1,2.678,1.5,120.0,130.0,Operation,MTH002,-0.1,-0.1,8.0,Decent Work and Economic Growth
3958,NAM,Northern America,US,United States of America,19857200000.0,2.907,3.572,3.022,1.571,308000.0,11000.0,Farming,A.1.6.B,-0.13702537,-0.13702537,2.0,Zero Hunger
3976,WEU,Western Europe,CH,Switzerland,2700000000.0,3.663,4.765,2.286,3.333,114964.0,49621.0,Other,ENVIB010,-0.1,-0.1,8.0,Decent Work and Economic Growth
3981,WEU,Western Europe,SE,Sweden,12900000000.0,2.755,3.05,3.0,1.929,1231.0,33791.0,Operation,L.68.3.B,-0.25,-0.25,3.0,Good Health and Wellbeing
3985,WEU,Western Europe,DK,Denmark,14500000000.0,2.17,2.491,2.286,1.452,1057.0,1112.0,End-use,J.61.99.B,-0.072802198,-0.072802198,9.0,"Industry, Innovation and Infrastructure"
3989,NAM,Northern America,US,United States of America,11800000000.0,3.026,3.16,3.5,2.214,387349.0,190200.0,Operation,MTH002,-0.1,-0.1,2.0,Zero Hunger
3990,WEU,Western Europe,ES,Spain,4353201000.0,2.138,2.293,2.078,1.929,4980.0,16529.0,Operation,MTH001,-0.25,-0.25,9.0,"Industry, Innovation and Infrastructure"
3991,WEU,Western Europe,SE,Sweden,9850000000.0,2.729,3.31,3.0,1.357,842.0,4743.0,End-use,C.14.34.P,-0.014515808,-0.014515808,9.0,"Industry, Innovation and Infrastructure"
3992,WEU,Western Europe,IT,Italy,266100000.0,2.907,4.0,1.906,2.143,679.44,306.87,Operation,MTH002,-0.1,-0.1,3.0,Good Health and Wellbeing
4021,WEU,Western Europe,GB,United Kingdom of Great Britain and Northern Ireland,1470000000.0,2.466,2.45,2.5,2.452,2913.0,0.0,Operation,MTH001,-0.25,-0.25,9.0,"Industry, Innovation and Infrastructure"
4030,NAM,Northern America,US,United States of America,3360000000.0,2.605,3.039,2.816,1.571,17927.0,38893.0,Operation,MTH002,-0.1,-0.1,8.0,Decent Work and Economic Growth
4037,WEU,Western Europe,IT,Italy,1276800000.0,3.028,3.569,3.013,2.071,59534.0,0.0,Farming,A.1.4.B,-0.090452694,-0.090452694,3.0,Good Health and Wellbeing
4049,NAM,Northern America,US,United States of America,6149909000.0,2.981,3.45,2.975,2.143,115728.0,51927.0,Operation,MTH001,-0.025204763,-0.025204763,3.0,Good Health and Wellbeing
4051,NAM,Northern America,US,United States of America,1583900000.0,3.568,4.897,3.0,1.857,8574.81,599.49,Operation,MTH002,-0.1,-0.1,3.0,Good Health and Wellbeing
4061,NAM,Northern America,US,United States of America,2420000000.0,3.274,4.084,3.0,2.143,425.0,448.0,Operation,MTH001,-0.25,-0.25,8.0,Decent Work and Economic Growth
4075,WEU,Western Europe,GB,United Kingdom of Great Britain and Northern Ireland,193600000.0,3.351,4.358,2.907,2.071,2487.0,3192.0,Other,ENVIB010,-0.1,-0.1,3.0,Good Health and Wellbeing
4090,NAM,Northern America,US,United States of America,55100000000.0,2.425,2.629,2.354,2.143,431504.0,1105788.0,Operation,MTH002,-0.1,-0.1,9.0,"Industry, Innovation and Infrastructure"
4092,WEU,Western Europe,CH,Switzerland,17000000000.0,3.291,3.929,3.033,2.452,406000.0,196000.0,Operation,MTH002,-0.077781049,-0.077781049,2.0,Zero Hunger
4098,WEU,Western Europe,NO,Norway,10200000000.0,2.358,2.354,3.0,1.595,250372.0,1503357.0,Operation,MTH004,-0.75,-0.75,9.0,"Industry, Innovation and Infrastructure"
4109,WEU,Western Europe,GB,United Kingdom of Great Britain and Northern Ireland,13816800000.0,3.17,3.664,3.404,2.0,210164.0,175168.0,Operation,MTH004,-0.175131,-0.175131,2.0,Zero Hunger
4131,WEU,Western Europe,DE,Germany,22400000000.0,2.774,3.65,2.8,1.167,21200.0,29900.0,Other,ENVIB010,-0.1,-0.1,9.0,"Industry, Innovation and Infrastructure"
4134,WEU,Western Europe,LU,Luxembourg,5570000000.0,3.118,3.85,3.25,1.643,59481.0,44652.0,Operation,MTH002,-0.1,-0.1,9.0,"Industry, Innovation and Infrastructure"
4146,WEU,Western Europe,NL,Netherlands,1070000000.0,3.245,3.741,2.607,3.119,19413.0,1066.0,Operation,MTH002,-0.1,-0.1,9.0,"Industry, Innovation and Infrastructure"
4155,WEU,Western Europe,DE,Germany,3610000000.0,2.922,3.015,2.858,2.833,30240.0,2205.0,Operation,L.68.3.B,-0.133116883,-0.133116883,7.0,Affordable and Clean Energy
4176,WEU,Western Europe,ES,Spain,936000000.0,2.925,3.5,2.1,2.881,3342.11,88.81,Manufacturing,C.32.1.P,0.25,0.25,3.0,Good Health and Wellbeing
4188,WEU,Western Europe,GB,United Kingdom of Great Britain and Northern Ireland,1216795000.0,2.821,3.565,2.43,1.952,79.0,1663.0,Operation,MTH002,-0.1,-0.1,3.0,Good Health and Wellbeing
4192,WEU,Western Europe,IT,Italy,797200000.0,3.407,3.725,2.99,3.333,7.6,2549.4,Other,ENVIB025,-0.25,-0.25,9.0,"Industry, Innovation and Infrastructure"
4198,WEU,Western Europe,ES,Spain,2210000000.0,2.707,2.989,2.755,2.143,43950.0,2936.0,Other,ENVIB010,-0.1,-0.1,3.0,Good Health and Wellbeing
4205,WEU,Western Europe,IT,Italy,362000000.0,3.304,3.9,3.0,2.595,14043.0,4081.0,Other,ENVIB010,-0.1,-0.1,3.0,Good Health and Wellbeing
4215,WEU,Western Europe,NL,Netherlands,417000000.0,2.913,3.327,2.0,3.262,1560.0,1428.0,Operation,MTH002,-0.1,-0.1,3.0,Good Health and Wellbeing
4225,WEU,Western Europe,GB,United Kingdom of Great Britain and Northern Ireland,2972737000.0,3.258,4.043,2.83,2.357,412225.0,62720.0,Other,ENVIB010,-0.1,-0.1,2.0,Zero Hunger
4233,WEU,Western Europe,GB,United Kingdom of Great Britain and Northern Ireland,1040000000.0,2.477,2.442,2.889,2.048,210.0,371.0,Operation,MTH002,-0.1,-0.1,9.0,"Industry, Innovation and Infrastructure"
10039,WEU,Western Europe,GB,United Kingdom of Great Britain and Northern Ireland,2060000000.0,3.414,4.0,3.0,2.857,23678.0,73649.0,Other,ENVIB010,-0.036652025,-0.0483808762,3.0,Good Health and Wellbeing
10045,WEU,Western Europe,LU,Luxembourg,759000000.0,3.022,3.65,2.0,3.119,134.8,1142.8,Operation,MTH002,-0.1,-0.1,9.0,"Industry, Innovation and Infrastructure"
10054,NAM,Northern America,US,United States of America,2307900000.0,2.867,3.71,2.801,1.429,512369.0,109701.0,Operation,MTH002,-0.1,-0.1,2.0,Zero Hunger
10061,WEU,Western Europe,FI,Finland,624900000.0,2.768,2.972,2.901,2.238,35600.0,10600.0,Operation,MTH002,-0.1,-0.1,3.0,Good Health and Wellbeing
10100,WEU,Western Europe,SE,Sweden,13538600000.0,2.824,3.176,2.943,2.048,614.0,3089.0,Operation,J.58.20.P,0.043001699,0.043001699,9.0,"Industry, Innovation and Infrastructure"
10153,WEU,Western Europe,GB,United Kingdom of Great Britain and Northern Ireland,1686002000.0,3.5,4.65,2.25,2.929,57313.0,0.0,Operation,MTH002,-0.1,-0.1,8.0,Decent Work and Economic Growth
10184,WEU,Western Europe,IT,Italy,879900000.0,3.446,3.9,3.85,2.143,44644.49,19807.5,Other,ENVIB010,-0.2,-0.2,3.0,Good Health and Wellbeing
10204,WEU,Western Europe,GB,United Kingdom of Great Britain and Northern Ireland,610600000.0,2.441,3.017,2.042,1.881,22931.48,380.51,Manufacturing,F.42.41.B,-0.433292534,-0.433292534,6.0,Clean Water and Sanitation
10213,NAM,Northern America,US,United States of America,7659832000.0,3.126,3.086,4.124,2.0,4012.22,21970.65,Operation,MTH002,-0.1,-0.1,12.0,Responsible Consumption and Production
10233,WEU,Western Europe,IT,Italy,642500000.0,3.329,3.75,3.27,2.643,1344.0,690.0,End-use,C.14.34.P,-0.014515808,-0.014515808,3.0,Good Health and Wellbeing
10234,WEU,Western Europe,FR,France,629000000.0,2.737,2.941,2.431,2.738,7065.0,8083.0,Operation,MTH001,-0.416003185,-0.416003185,12.0,Responsible Consumption and Production
10282,NAM,Northern America,US,United States of America,2190000000.0,3.255,3.946,2.708,2.667,331192.0,243753.0,Operation,MTH003,-0.027,-0.027,2.0,Zero Hunger
10286,WEU,Western Europe,GB,United Kingdom of Great Britain and Northern Ireland,2120000000.0,2.928,3.269,3.011,2.214,16912.0,2388.0,Operation,MTH002,-0.1,-0.1,12.0,Responsible Consumption and Production
10299,WEU,Western Europe,FR,France,1560000000.0,2.501,2.979,2.56,1.571,1136.0,0.0,Operation,J.58.45.P,0.226106479,0.1365255186400003,9.0,"Industry, Innovation and Infrastructure"
10314,WEU,Western Europe,DE,Germany,1018100000.0,2.961,3.013,2.992,2.833,2295.0,1303.0,Other,ENVIB010,-0.1,-0.1,12.0,Responsible Consumption and Production
10368,NAM,Northern America,US,United States of America,51600000000.0,2.902,3.604,2.896,1.643,58764.0,140005.0,Disposal ,Q.86.1.P,0.03242468,0.03242468,9.0,"Industry, Innovation and Infrastructure"
10372,WEU,Western Europe,DE,Germany,571300000.0,3.264,3.469,3.0,3.214,1210.0,529.0,End-use,C.14.34.P,-0.014515808,-0.014515808,9.0,"Industry, Innovation and Infrastructure"
10432,WEU,Western Europe,SE,Sweden,4006800000.0,3.255,3.5,3.0,3.119,97.0,909.0,Operation,MTH002,-0.1,-0.1,3.0,Good Health and Wellbeing
10451,WEU,Western Europe,FR,France,5280000000.0,3.091,3.79,2.017,3.119,37806.0,3509.0,Operation,MTH002,-0.1,-0.1,3.0,Good Health and Wellbeing
10477,NAM,Northern America,US,United States of America,2730000000.0,3.016,2.988,2.95,3.143,424.0,166.0,End-use,M.74.2.B,-0.033211512,-0.033211512,3.0,Good Health and Wellbeing
10589,WEU,Western Europe,GB,United Kingdom of Great Britain and Northern Ireland,20215000.0,3.446,3.876,2.915,3.31,570.2,598.2,Operation,MTH002,-0.1,-0.1,3.0,Good Health and Wellbeing
10600,NAM,Northern America,US,United States of America,775586000.0,2.865,3.25,3.008,2.0,131.2,145.8,Operation,MTH002,-0.1,-0.1,3.0,Good Health and Wellbeing
10695,NAM,Northern America,US,United States of America,8969351000.0,3.191,3.9,3.0,2.143,15854.0,75148.0,Other,ENVIB010,-0.1,-0.1,8.0,Decent Work and Economic Growth
10700,WEU,Western Europe,FR,France,568241000.0,3.04,3.243,3.028,2.69,14644.0,8895.0,Operation,MTH002,-0.1,-0.1,3.0,Good Health and Wellbeing
10702,WEU,Western Europe,LU,Luxembourg,534970000.0,3.322,3.9,3.1,2.548,5656.54,4697.11,Farming,A.1.4.B,-0.1,-0.1,3.0,Good Health and Wellbeing
10704,WEU,Western Europe,FR,France,993053000.0,1.917,1.662,2.528,1.643,1928.0,19276.0,Operation,MTH002,-0.1,-0.1,9.0,"Industry, Innovation and Infrastructure"
10760,NAM,Northern America,US,United States of America,2787586000.0,2.736,3.33,2.281,2.214,1916.0,2808.0,Operation,MTH002,-0.1,-0.1,3.0,Good Health and Wellbeing
10764,NAM,Northern America,US,United States of America,656323000.0,2.815,3.939,2.124,1.619,4147.0,9989.0,End-use,C.14.34.P,-0.014515808,-0.014515808,3.0,Good Health and Wellbeing
10765,NAM,Northern America,US,United States of America,567694000.0,3.985,3.75,5.0,3.19,105911.0,42438.0,Other,ENVIB010,-0.1,-0.1,7.0,Affordable and Clean Energy
10801,WEU,Western Europe,GB,United Kingdom of Great Britain and Northern Ireland,1298700000.0,3.176,3.469,2.942,2.929,4326.6,6568.0,Operation,MTH002,-0.1,-0.1,16.0,"Peace, Justice and Strong Institutions"
